{
  "status": "ok",
  "best_params": {
    "fast": 60.0,
    "slow": 250.0,
    "rr": 2.5,
    "sl_buffer_pips": 6.0,
    "pip_size": 0.0001
  },
  "best_metrics": {
    "trades": 532,
    "final_equity": 170421.2834082641,
    "total_return_%": 70.4212834082641,
    "max_drawdown_%": -21.163178918090452,
    "win_rate_%": 32.33082706766917,
    "profit_factor": 1.1170380964086024,
    "avg_R": 0.11353192717421058
  }
}