{
  "status": "ok",
  "best_params": {
    "fast": 29,
    "slow": 175,
    "rr": 2.8741454000478583,
    "sl_buffer_pips": 1.6586575337438054,
    "pip_size": 0.0001
  },
  "best_metrics": {
    "trades": 844,
    "final_equity": 332112.38236805156,
    "total_return_%": 232.11238236805158,
    "max_drawdown_%": -35.293524869862225,
    "win_rate_%": 30.80568720379147,
    "profit_factor": 1.1649986158893546,
    "avg_R": 0.158164305331021
  }
}