{
  "status": "ok",
  "best_params": {
    "fast": 60.0,
    "slow": 250.0,
    "rr": 2.0,
    "sl_buffer_pips": 5.0,
    "pip_size": 0.0001
  },
  "best_metrics": {
    "trades": 532,
    "final_equity": 206483.4104879213,
    "total_return_%": 106.48341048792132,
    "max_drawdown_%": -17.855629669154695,
    "win_rate_%": 38.90977443609023,
    "profit_factor": 1.176019841933397,
    "avg_R": 0.1470105379465608
  }
}